count,keyword
,d3
,d3/d3-array
,d3/d3-axis
90,d3/d3-array/array.js
86,d3/d3-array/ascending.js
238,d3/d3-array/bisect.js
786,d3/d3-array/bisector.js
72,d3/d3-array/constant.js
86,d3/d3-array/descending.js
135,d3/d3-array/deviation.js
553,d3/d3-array/extent.js
1876,d3/d3-array/histogram.js
43,d3/d3-array/identity.js
451,d3/d3-array/max.js
362,d3/d3-array/mean.js
452,d3/d3-array/median.js
339,d3/d3-array/merge.js
451,d3/d3-array/min.js
63,d3/d3-array/number.js
182,d3/d3-array/pairs.js
161,d3/d3-array/permute.js
416,d3/d3-array/quantile.js
344,d3/d3-array/range.js
357,d3/d3-array/scan.js
285,d3/d3-array/shuffle.js
295,d3/d3-array/sum.js
672,d3/d3-array/ticks.js
356,d3/d3-array/transpose.js
540,d3/d3-array/variance.js
99,d3/d3-array/zip.js
42,d3/d3-axis/array.js
5239,d3/d3-axis/axis.js
43,d3/d3-axis/identity.js